model,accuracy,precision,recall,f1,threshold
ml_random_forest,0.12345679012345678,0.12345679012345678,1.0,0.21978021978021978,0.1
ml_xgboost,0.7654320987654321,0.09090909090909091,0.1,0.09523809523809523,0.1
ml_lightgbm,0.7777777777777778,0.21428571428571427,0.3,0.25,0.1
ml_logistic_regression,0.8765432098765432,0.5,0.3,0.375,0.6500000000000001
dl_lstm,0.8641975308641975,0.0,0.0,0.0,0.5
dl_attention,0.8765432098765432,0.0,0.0,0.0,0.5
dl_cnn_lstm,0.8888888888888888,0.6,0.3,0.4,0.1
FINAL_ENSEMBLE,0.8395061728395061,0.36363636363636365,0.4,0.38095238095238093,0.25000000000000006
