model,accuracy,precision,recall,f1,threshold
ml_random_forest,0.5185185185185185,0.2641509433962264,1.0,0.417910447761194,0.1
ml_xgboost,0.8024691358024691,0.42857142857142855,0.42857142857142855,0.42857142857142855,0.15000000000000002
ml_lightgbm,0.8395061728395061,0.5333333333333333,0.5714285714285714,0.5517241379310345,0.20000000000000004
ml_logistic_regression,0.6419753086419753,0.32558139534883723,1.0,0.49122807017543857,0.20000000000000004
dl_lstm,0.8271604938271605,0.0,0.0,0.0,0.5
dl_attention,0.8271604938271605,0.0,0.0,0.0,0.5
dl_cnn_lstm,0.8271604938271605,0.0,0.0,0.0,0.5
FINAL_ENSEMBLE,0.8518518518518519,0.5833333333333334,0.5,0.5384615384615384,0.30000000000000004
